_,Id,Order,Order.SaleNo__c,Order.OrderNo__c,Product2Id,IsDeleted,OrderId,PricebookEntryId,OriginalOrderItemId,AvailableQuantity,Quantity,UnitPrice,ListPrice,TotalPrice,ServiceDate,EndDate,Description,CreatedDate,CreatedById,LastModifiedDate,LastModifiedById,SystemModstamp,OrderItemNumber,OrderId__c,OrderSeqNo__c,SaleSeqNo__c,Status__c,DeleteDateTime__c,OrderItemNo__c,SaleItemNo__c,IsExclude__c,DiscountRate__c,NetSalesUnitPrice__c,StoreName__c,TotalAmount__c,OriginalOrderItemId__c,Field1__c
[OrderItem],802TJ00000QzglsYAB,[Order],SAL202407190347,,01tJO000008R1FkYAK,False,801TJ00000oKhLAYA0,01uJO000001R0E3YAK,,1,1,245000,590000,245000,,,,2026-04-19T15:42:14.000+0000,005TJ00000B2qU2YAJ,2026-04-19T15:42:14.000+0000,005TJ00000B2qU2YAJ,2026-04-19T15:42:14.000+0000,2291130,801TJ00000oGopDYAS,,1,,,,SAL202407190347-1,False,,,롯데노원점,2690500,,0
[OrderItem],802TJ00000QzgltYAB,[Order],SAL202407190347,,01tJO000008R7nLYAS,False,801TJ00000oKhLAYA0,01uJO000001RBWsYAO,,1,1,203000,430000,203000,,,,2026-04-19T15:42:14.000+0000,005TJ00000B2qU2YAJ,2026-04-19T15:42:14.000+0000,005TJ00000B2qU2YAJ,2026-04-19T15:42:14.000+0000,2291131,801TJ00000oGopDYAS,,2,,,,SAL202407190347-2,False,,,롯데노원점,2690500,,0
[OrderItem],802TJ00000QzgluYAB,[Order],SAL202407190347,,01tJO000008R7nNYAS,False,801TJ00000oKhLAYA0,01uJO000001RBWuYAO,,1,1,357000,990000,357000,,,,2026-04-19T15:42:14.000+0000,005TJ00000B2qU2YAJ,2026-04-19T15:42:14.000+0000,005TJ00000B2qU2YAJ,2026-04-19T15:42:14.000+0000,2291132,801TJ00000oGopDYAS,,3,,,,SAL202407190347-3,False,,,롯데노원점,2690500,,0
[OrderItem],802TJ00000QzglvYAB,[Order],SAL202407190347,,01tJO000008RAFKYA4,False,801TJ00000oKhLAYA0,01uJO000001RDXUYA4,,1,1,840000,2590000,840000,,,,2026-04-19T15:42:14.000+0000,005TJ00000B2qU2YAJ,2026-04-19T15:42:14.000+0000,005TJ00000B2qU2YAJ,2026-04-19T15:42:14.000+0000,2291133,801TJ00000oGopDYAS,,4,,,,SAL202407190347-4,False,,,롯데노원점,2690500,,0
[OrderItem],802TJ00000QzglwYAB,[Order],SAL202407190347,,01tJO000008R7pKYAS,False,801TJ00000oKhLAYA0,01uJO000001RBYrYAO,,1,1,1045500,1960000,1045500,,,,2026-04-19T15:42:14.000+0000,005TJ00000B2qU2YAJ,2026-04-19T15:42:14.000+0000,005TJ00000B2qU2YAJ,2026-04-19T15:42:14.000+0000,2291134,801TJ00000oGopDYAS,,5,,,,SAL202407190347-5,False,,,롯데노원점,2690500,,0
[OrderItem],802TJ00000R0gAZYAZ,[Order],SAL202602040011,,01tJO000008R5gQYAS,False,801TJ00000oJhLdYAK,01uJO000001RAYwYAO,,1,1,74000,1610000,74000,,,,2026-04-19T16:30:32.000+0000,005TJ00000B2qU2YAJ,2026-04-19T16:30:32.000+0000,005TJ00000B2qU2YAJ,2026-04-19T16:30:32.000+0000,2510609,801TJ00000oHeqpYAC,,1,,,,SAL202602040011-1,False,,,롯데노원점,148000,,0
[OrderItem],802TJ00000R0gAaYAJ,[Order],SAL202602040011,,01tJO000008R5grYAC,False,801TJ00000oJhLdYAK,01uJO000001RAZNYA4,,1,1,74000,1130000,74000,,,,2026-04-19T16:30:32.000+0000,005TJ00000B2qU2YAJ,2026-04-19T16:30:32.000+0000,005TJ00000B2qU2YAJ,2026-04-19T16:30:32.000+0000,2510610,801TJ00000oHeqpYAC,,2,,,,SAL202602040011-2,False,,,롯데노원점,148000,,0
[OrderItem],802TJ00000Qzsp0YAB,[Order],SAL202406080096,,01tJO000008QydXYAS,False,801TJ00000oKiBtYAK,01uJO000001R2msYAC,,1,1,2320000,6520000,2320000,,,,2026-04-19T15:52:17.000+0000,005TJ00000B2qU2YAJ,2026-04-19T15:52:17.000+0000,005TJ00000B2qU2YAJ,2026-04-19T15:52:17.000+0000,2334087,801TJ00000oHjwGYAS,,1,,,,SAL202406080096-1,False,,,신세계아울렛제주점,7965000,,0
[OrderItem],802TJ00000Qzsp1YAB,[Order],SAL202406080096,,01tJO000008R9VnYAK,False,801TJ00000oKiBtYAK,01uJO000001RCnxYAG,,1,1,1925000,9130000,1925000,,,,2026-04-19T15:52:17.000+0000,005TJ00000B2qU2YAJ,2026-04-19T15:52:17.000+0000,005TJ00000B2qU2YAJ,2026-04-19T15:52:17.000+0000,2334088,801TJ00000oHjwGYAS,,2,,,,SAL202406080096-2,False,,,신세계아울렛제주점,7965000,,0
[OrderItem],802TJ00000Qzsp2YAB,[Order],SAL202406080096,,01tJO000008R0UKYA0,False,801TJ00000oKiBtYAK,01uJO000001QzpDYAS,,1,1,1860000,1,1860000,,,,2026-04-19T15:52:17.000+0000,005TJ00000B2qU2YAJ,2026-04-19T15:52:17.000+0000,005TJ00000B2qU2YAJ,2026-04-19T15:52:17.000+0000,2334089,801TJ00000oHjwGYAS,,3,,,,SAL202406080096-3,False,,,신세계아울렛제주점,7965000,,0
[OrderItem],802TJ00000QzQAsYAN,[Order],SAL202307010090,,01tJO000008R8ouYAC,False,801TJ00000oKkWkYAK,01uJO000001RDr6YAG,,2,2,1800000,4920000,3600000,,,,2026-04-19T15:27:48.000+0000,005TJ00000B2qU2YAJ,2026-04-19T15:27:48.000+0000,005TJ00000B2qU2YAJ,2026-04-19T15:27:48.000+0000,2228673,801TJ00000oHkT0YAK,,1,,,,SAL202307010090-1,False,,,롯데청량리점,5400000,,0
[OrderItem],802TJ00000QzSoPYAV,[Order],SAL202307011815,,01tJO000008R8ouYAC,False,801TJ00000oKJkBYAW,01uJO000001RDr6YAG,,2,2,1800000,4920000,3600000,,,,2026-04-19T15:29:35.000+0000,005TJ00000B2qU2YAJ,2026-04-19T15:29:35.000+0000,005TJ00000B2qU2YAJ,2026-04-19T15:29:35.000+0000,2238712,801TJ00000oHkT0YAK,,1,,,,SAL202307011815-1,False,,,롯데청량리점,5400000,,0
[OrderItem],802TJ00000QziquYAB,[Order],SAL202402060103,,01tJO000008R64OYAS,False,801TJ00000oJ4hBYAS,01uJO000001RAwuYAG,,1,1,60000,6700000,60000,,,,2026-04-19T15:43:59.000+0000,005TJ00000B2qU2YAJ,2026-04-19T15:43:59.000+0000,005TJ00000B2qU2YAJ,2026-04-19T15:43:59.000+0000,2299762,801TJ00000oHkquYAC,,1,,,,SAL202402060103-1,False,,,롯데청량리점,60000,,0
[OrderItem],802TJ00000R0fn4YAB,[Order],SAL202507230526,,01tJO000008R88CYAS,False,801TJ00000oJifUYAS,01uJO000001RBuxYAG,,1,1,1200000,1810000,1200000,,,,2026-04-19T16:30:16.000+0000,005TJ00000B2qU2YAJ,2026-04-19T16:30:16.000+0000,005TJ00000B2qU2YAJ,2026-04-19T16:30:17.000+0000,2509297,801TJ00000oHoeWYAS,,1,,,,SAL202507230526-1,False,,,롯데청량리점,1200000,,0
[OrderItem],802TJ00000R05vqYAB,[Order],SAL202408300052,,01tJO000008R3uBYAS,False,801TJ00000oK6y1YAC,01uJO000001R4pYYAS,,1,1,0,1980000,0,,,,2026-04-19T16:03:40.000+0000,005TJ00000B2qU2YAJ,2026-04-19T16:03:40.000+0000,005TJ00000B2qU2YAJ,2026-04-19T16:03:40.000+0000,2379733,801TJ00000oHpHDYA0,,1,,,,SAL202408300052-1,False,,,롯데청량리점,0,,0
[OrderItem],802TJ00000R013kYAB,[Order],SAL202407040811,,01tJO000008R1F9YAK,False,801TJ00000oJm4nYAC,01uJO000001R0DSYA0,,1,1,580000,1670000,580000,,,,2026-04-19T16:00:13.000+0000,005TJ00000B2qU2YAJ,2026-04-19T16:00:13.000+0000,005TJ00000B2qU2YAJ,2026-04-19T16:00:13.000+0000,2363775,801TJ00000oHpmzYAC,,1,,,,SAL202407040811-1,False,,,롯데노원점,2560000,,0
[OrderItem],802TJ00000R013lYAB,[Order],SAL202407040811,,01tJO000008R1FaYAK,False,801TJ00000oJm4nYAC,01uJO000001R0DtYAK,,1,1,720000,2230000,720000,,,,2026-04-19T16:00:13.000+0000,005TJ00000B2qU2YAJ,2026-04-19T16:00:13.000+0000,005TJ00000B2qU2YAJ,2026-04-19T16:00:13.000+0000,2363776,801TJ00000oHpmzYAC,,2,,,,SAL202407040811-2,False,,,롯데노원점,2560000,,0
[OrderItem],802TJ00000R013mYAB,[Order],SAL202407040811,,01tJO000008R7q7YAC,False,801TJ00000oJm4nYAC,01uJO000001RBZeYAO,,1,1,1260000,2640000,1260000,,,,2026-04-19T16:00:13.000+0000,005TJ00000B2qU2YAJ,2026-04-19T16:00:13.000+0000,005TJ00000B2qU2YAJ,2026-04-19T16:00:13.000+0000,2363777,801TJ00000oHpmzYAC,,3,,,,SAL202407040811-3,False,,,롯데노원점,2560000,,0
[OrderItem],802TJ00000R01c5YAB,[Order],SAL202406280202,,01tJO000008R1F9YAK,False,801TJ00000oKiHXYA0,01uJO000001R0DSYA0,,1,1,580000,1670000,580000,,,,2026-04-19T16:00:35.000+0000,005TJ00000B2qU2YAJ,2026-04-19T16:00:35.000+0000,005TJ00000B2qU2YAJ,2026-04-19T16:00:36.000+0000,2365304,801TJ00000oHpmzYAC,,1,,,,SAL202406280202-1,False,,,롯데노원점,2560000,,0
[OrderItem],802TJ00000R01c6YAB,[Order],SAL202406280202,,01tJO000008R1FaYAK,False,801TJ00000oKiHXYA0,01uJO000001R0DtYAK,,1,1,720000,2230000,720000,,,,2026-04-19T16:00:35.000+0000,005TJ00000B2qU2YAJ,2026-04-19T16:00:35.000+0000,005TJ00000B2qU2YAJ,2026-04-19T16:00:36.000+0000,2365305,801TJ00000oHpmzYAC,,2,,,,SAL202406280202-2,False,,,롯데노원점,2560000,,0
[OrderItem],802TJ00000R01c7YAB,[Order],SAL202406280202,,01tJO000008R7q7YAC,False,801TJ00000oKiHXYA0,01uJO000001RBZeYAO,,1,1,1260000,2640000,1260000,,,,2026-04-19T16:00:35.000+0000,005TJ00000B2qU2YAJ,2026-04-19T16:00:35.000+0000,005TJ00000B2qU2YAJ,2026-04-19T16:00:36.000+0000,2365306,801TJ00000oHpmzYAC,,3,,,,SAL202406280202-3,False,,,롯데노원점,2560000,,0
[OrderItem],802TJ00000QzgYFYAZ,[Order],SAL202403120018,,01tJO000008R3h8YAC,False,801TJ00000oKFM5YAO,01uJO000001R8MkYAK,,1,1,0,1160000,0,,,,2026-04-19T15:41:54.000+0000,005TJ00000B2qU2YAJ,2026-04-19T15:41:54.000+0000,005TJ00000B2qU2YAJ,2026-04-19T15:41:54.000+0000,2289475,801TJ00000oHq7dYAC,,1,,,,SAL202403120018-1,False,,,롯데청량리점,0,,0
[OrderItem],802TJ00000Qzt3cYAB,[Order],SAL202310160228,,01tJO000008R9H8YAK,False,801TJ00000oKHiGYAW,01uJO000001REUeYAO,,2,2,150000,470000,300000,,,,2026-04-19T15:52:39.000+0000,005TJ00000B2qU2YAJ,2026-04-19T15:52:39.000+0000,005TJ00000B2qU2YAJ,2026-04-19T15:52:39.000+0000,2335748,801TJ00000oHqjAYAS,,1,,,,SAL202310160228-1,False,,,신세계아울렛제주점,300000,,0
[OrderItem],802TJ00000R06ZTYAZ,[Order],SAL202409150352,,01tJO000008R0VOYA0,False,801TJ00000oKFZvYAO,01uJO000001QzqHYAS,,1,1,1065000,4580000,1065000,,,,2026-04-19T16:03:52.000+0000,005TJ00000B2qU2YAJ,2026-04-19T16:03:52.000+0000,005TJ00000B2qU2YAJ,2026-04-19T16:03:52.000+0000,2381026,801TJ00000oHrG2YAK,,1,,,,SAL202409150352-1,False,,,신세계아울렛제주점,13585000,,0
[OrderItem],802TJ00000R06ZUYAZ,[Order],SAL202409150352,,01tJO000008R0swYAC,False,801TJ00000oKFZvYAO,01uJO000001QzrFYAS,,1,1,1065000,4580000,1065000,,,,2026-04-19T16:03:52.000+0000,005TJ00000B2qU2YAJ,2026-04-19T16:03:52.000+0000,005TJ00000B2qU2YAJ,2026-04-19T16:03:52.000+0000,2381027,801TJ00000oHrG2YAK,,2,,,,SAL202409150352-2,False,,,신세계아울렛제주점,13585000,,0
[OrderItem],802TJ00000R06ZVYAZ,[Order],SAL202409150352,,01tJO000008R3soYAC,False,801TJ00000oKFZvYAO,01uJO000001R7vhYAC,,2,2,1170000,4660000,2340000,,,,2026-04-19T16:03:52.000+0000,005TJ00000B2qU2YAJ,2026-04-19T16:03:52.000+0000,005TJ00000B2qU2YAJ,2026-04-19T16:03:52.000+0000,2381028,801TJ00000oHrG2YAK,,3,,,,SAL202409150352-3,False,,,신세계아울렛제주점,13585000,,0
[OrderItem],802TJ00000R06ZWYAZ,[Order],SAL202409150352,,01tJO000008R6A6YAK,False,801TJ00000oKFZvYAO,01uJO000001R72FYAS,,2,2,2810000,10470000,5620000,,,,2026-04-19T16:03:52.000+0000,005TJ00000B2qU2YAJ,2026-04-19T16:03:52.000+0000,005TJ00000B2qU2YAJ,2026-04-19T16:03:52.000+0000,2381029,801TJ00000oHrG2YAK,,4,,,,SAL202409150352-4,False,,,신세계아울렛제주점,13585000,,0
[OrderItem],802TJ00000R06ZXYAZ,[Order],SAL202409150352,,01tJO000008R56aYAC,False,801TJ00000oKFZvYAO,01uJO000001R8znYAC,,1,1,1570000,4000000,1570000,,,,2026-04-19T16:03:52.000+0000,005TJ00000B2qU2YAJ,2026-04-19T16:03:52.000+0000,005TJ00000B2qU2YAJ,2026-04-19T16:03:52.000+0000,2381030,801TJ00000oHrG2YAK,,5,,,,SAL202409150352-5,False,,,신세계아울렛제주점,13585000,,0
[OrderItem],802TJ00000R06ZYYAZ,[Order],SAL202409150352,,01tJO000008R9VnYAK,False,801TJ00000oKFZvYAO,01uJO000001RCnxYAG,,1,1,1925000,9130000,1925000,,,,2026-04-19T16:03:52.000+0000,005TJ00000B2qU2YAJ,2026-04-19T16:03:52.000+0000,005TJ00000B2qU2YAJ,2026-04-19T16:03:52.000+0000,2381031,801TJ00000oHrG2YAK,,6,,,,SAL202409150352-6,False,,,신세계아울렛제주점,13585000,,0
[OrderItem],802TJ00000QzES9YAN,[Order],SAL202309050074,,01tJO000008R6T1YAK,False,801TJ00000oJkkdYAC,01uJO000001RAEDYA4,,2,2,3115000,3790000,6230000,,,,2026-04-19T15:18:36.000+0000,005TJ00000B2qU2YAJ,2026-04-19T15:18:36.000+0000,005TJ00000B2qU2YAJ,2026-04-19T15:18:36.000+0000,2184795,801TJ00000oHrNSYA0,,1,,,,SAL202309050074-1,False,,,신세계아울렛제주점,6230000,,0
[OrderItem],802TJ00000QzXMAYA3,[Order],SAL202309100021,,01tJO000008R6T1YAK,False,801TJ00000oKQTDYA4,01uJO000001RAEDYA4,,2,2,3115000,3790000,6230000,,,,2026-04-19T15:33:00.000+0000,005TJ00000B2qU2YAJ,2026-04-19T15:33:00.000+0000,005TJ00000B2qU2YAJ,2026-04-19T15:33:01.000+0000,2256176,801TJ00000oHrNSYA0,,1,,,,SAL202309100021-1,False,,,신세계아울렛제주점,11844000,,0
[OrderItem],802TJ00000QzXMBYA3,[Order],SAL202309100021,,01tJO000008R6A6YAK,False,801TJ00000oKQTDYA4,01uJO000001R72FYAS,,1,1,3934000,10470000,3934000,,,,2026-04-19T15:33:00.000+0000,005TJ00000B2qU2YAJ,2026-04-19T15:33:00.000+0000,005TJ00000B2qU2YAJ,2026-04-19T15:33:01.000+0000,2256177,801TJ00000oHrNSYA0,,2,,,,SAL202309100021-2,False,,,신세계아울렛제주점,11844000,,0
[OrderItem],802TJ00000QzXMCYA3,[Order],SAL202309100021,,01tJO000008QwCKYA0,False,801TJ00000oKQTDYA4,01uJO000001QzXfYAK,,1,1,1680000,4450000,1680000,,,,2026-04-19T15:33:00.000+0000,005TJ00000B2qU2YAJ,2026-04-19T15:33:00.000+0000,005TJ00000B2qU2YAJ,2026-04-19T15:33:01.000+0000,2256178,801TJ00000oHrNSYA0,,3,,,,SAL202309100021-3,False,,,신세계아울렛제주점,11844000,,0
[OrderItem],802TJ00000R0OuDYAV,[Order],SAL202411070338,,01tJO000008RBEdYAO,False,801TJ00000oK6RmYAK,01uJO000001RGLhYAO,,1,1,551800,2090000,551800,,,,2026-04-19T16:16:45.000+0000,005TJ00000B2qU2YAJ,2026-04-19T16:16:45.000+0000,005TJ00000B2qU2YAJ,2026-04-19T16:16:45.000+0000,2446658,801TJ00000oHs72YAC,,1,,,,SAL202411070338-1,False,,,신세계아울렛제주점,551800,,0
[OrderItem],802TJ00000QzlH7YAJ,[Order],SAL202310250079,,01tJO000008RCb1YAG,False,801TJ00000oJCQLYA4,01uJO000001RG65YAG,,1,1,85000,16560000,85000,,,,2026-04-19T15:45:53.000+0000,005TJ00000B2qU2YAJ,2026-04-19T15:45:53.000+0000,005TJ00000B2qU2YAJ,2026-04-19T15:45:54.000+0000,2308974,801TJ00000oHskJYAS,,1,,,,SAL202310250079-1,False,,,롯데청량리점,85000,,0
[OrderItem],802TJ00000R07VGYAZ,[Order],SAL202503290055,,01tJO000008RC4rYAG,False,801TJ00000oK9TAYA0,01uJO000001RCTyYAO,,1,1,49000,970000,49000,,,,2026-04-19T16:04:27.000+0000,005TJ00000B2qU2YAJ,2026-04-19T16:04:27.000+0000,005TJ00000B2qU2YAJ,2026-04-19T16:04:27.000+0000,2384306,801TJ00000oHsnaYAC,,1,,,,SAL202503290055-1,False,,,신세계아울렛제주점,158000,,0
[OrderItem],802TJ00000R07VHYAZ,[Order],SAL202503290055,,01tJO000008R0eEYAS,False,801TJ00000oK9TAYA0,01uJO000001R50TYAS,,1,1,109000,1,109000,,,,2026-04-19T16:04:27.000+0000,005TJ00000B2qU2YAJ,2026-04-19T16:04:27.000+0000,005TJ00000B2qU2YAJ,2026-04-19T16:04:27.000+0000,2384307,801TJ00000oHsnaYAC,,2,,,,SAL202503290055-2,False,,,신세계아울렛제주점,158000,,0
[OrderItem],802TJ00000R0YkRYAV,[Order],SAL202512100009,,01tJO000008R5zKYAS,False,801TJ00000oKXZQYA4,01uJO000001RAWuYAO,,1,1,560000,770000,560000,,,,2026-04-19T16:25:40.000+0000,005TJ00000B2qU2YAJ,2026-04-19T16:25:40.000+0000,005TJ00000B2qU2YAJ,2026-04-19T16:25:40.000+0000,2483053,801TJ00000oHtM5YAK,,1,,,,SAL202512100009-1,False,,,롯데노원점,2800000,,0
[OrderItem],802TJ00000R0YkSYAV,[Order],SAL202512100009,,01tJO000008R5zLYAS,False,801TJ00000oKXZQYA4,01uJO000001RAWvYAO,,1,1,1040000,1480000,1040000,,,,2026-04-19T16:25:40.000+0000,005TJ00000B2qU2YAJ,2026-04-19T16:25:40.000+0000,005TJ00000B2qU2YAJ,2026-04-19T16:25:40.000+0000,2483054,801TJ00000oHtM5YAK,,2,,,,SAL202512100009-2,False,,,롯데노원점,2800000,,0
[OrderItem],802TJ00000R0YkTYAV,[Order],SAL202512100009,,01tJO000008R3IIYA0,False,801TJ00000oKXZQYA4,01uJO000001R7wKYAS,,1,1,1200000,1610000,1200000,,,,2026-04-19T16:25:40.000+0000,005TJ00000B2qU2YAJ,2026-04-19T16:25:40.000+0000,005TJ00000B2qU2YAJ,2026-04-19T16:25:40.000+0000,2483055,801TJ00000oHtM5YAK,,3,,,,SAL202512100009-3,False,,,롯데노원점,2800000,,0
[OrderItem],802TJ00000R0YkUYAV,[Order],SAL202512100011,,01tJO000008R5zKYAS,False,801TJ00000oKXZRYA4,01uJO000001RAWuYAO,,1,1,560000,770000,560000,,,,2026-04-19T16:25:40.000+0000,005TJ00000B2qU2YAJ,2026-04-19T16:25:40.000+0000,005TJ00000B2qU2YAJ,2026-04-19T16:25:40.000+0000,2483056,801TJ00000oHtM6YAK,,1,,,,SAL202512100011-1,False,,,롯데노원점,2800000,,0
[OrderItem],802TJ00000R0YkVYAV,[Order],SAL202512100011,,01tJO000008R5zLYAS,False,801TJ00000oKXZRYA4,01uJO000001RAWvYAO,,1,1,1040000,1480000,1040000,,,,2026-04-19T16:25:40.000+0000,005TJ00000B2qU2YAJ,2026-04-19T16:25:40.000+0000,005TJ00000B2qU2YAJ,2026-04-19T16:25:40.000+0000,2483057,801TJ00000oHtM6YAK,,2,,,,SAL202512100011-2,False,,,롯데노원점,2800000,,0
[OrderItem],802TJ00000R0YkWYAV,[Order],SAL202512100011,,01tJO000008R3IIYA0,False,801TJ00000oKXZRYA4,01uJO000001R7wKYAS,,1,1,1200000,1610000,1200000,,,,2026-04-19T16:25:40.000+0000,005TJ00000B2qU2YAJ,2026-04-19T16:25:40.000+0000,005TJ00000B2qU2YAJ,2026-04-19T16:25:40.000+0000,2483058,801TJ00000oHtM6YAK,,3,,,,SAL202512100011-3,False,,,롯데노원점,2800000,,0
[OrderItem],802TJ00000R0YkXYAV,[Order],SAL202512100012,,01tJO000008R3IIYA0,False,801TJ00000oKXZSYA4,01uJO000001R7wKYAS,,1,1,1200000,1610000,1200000,,,,2026-04-19T16:25:40.000+0000,005TJ00000B2qU2YAJ,2026-04-19T16:25:40.000+0000,005TJ00000B2qU2YAJ,2026-04-19T16:25:40.000+0000,2483059,801TJ00000oHtM6YAK,,1,,,,SAL202512100012-1,False,,,롯데노원점,1200000,,0
[OrderItem],802TJ00000R0YkYYAV,[Order],SAL202512100013,,01tJO000008R5zKYAS,False,801TJ00000oKXZTYA4,01uJO000001RAWuYAO,,1,1,560000,770000,560000,,,,2026-04-19T16:25:40.000+0000,005TJ00000B2qU2YAJ,2026-04-19T16:25:40.000+0000,005TJ00000B2qU2YAJ,2026-04-19T16:25:40.000+0000,2483060,801TJ00000oHtM6YAK,,1,,,,SAL202512100013-1,False,,,롯데노원점,1600000,,0
[OrderItem],802TJ00000R0YkZYAV,[Order],SAL202512100013,,01tJO000008R5zLYAS,False,801TJ00000oKXZTYA4,01uJO000001RAWvYAO,,1,1,1040000,1480000,1040000,,,,2026-04-19T16:25:40.000+0000,005TJ00000B2qU2YAJ,2026-04-19T16:25:40.000+0000,005TJ00000B2qU2YAJ,2026-04-19T16:25:40.000+0000,2483061,801TJ00000oHtM6YAK,,2,,,,SAL202512100013-2,False,,,롯데노원점,1600000,,0
[OrderItem],802TJ00000R0aoSYAR,[Order],SAL202512140018,,01tJO000008R5zKYAS,False,801TJ00000oJI0tYAG,01uJO000001RAWuYAO,,1,1,560000,770000,560000,,,,2026-04-19T16:27:00.000+0000,005TJ00000B2qU2YAJ,2026-04-19T16:27:00.000+0000,005TJ00000B2qU2YAJ,2026-04-19T16:27:01.000+0000,2490890,801TJ00000oHtM6YAK,,1,,,,SAL202512140018-1,False,,,롯데노원점,2800000,,0
[OrderItem],802TJ00000R0aoTYAR,[Order],SAL202512140018,,01tJO000008R5zLYAS,False,801TJ00000oJI0tYAG,01uJO000001RAWvYAO,,1,1,1040000,1480000,1040000,,,,2026-04-19T16:27:00.000+0000,005TJ00000B2qU2YAJ,2026-04-19T16:27:00.000+0000,005TJ00000B2qU2YAJ,2026-04-19T16:27:01.000+0000,2490891,801TJ00000oHtM6YAK,,2,,,,SAL202512140018-2,False,,,롯데노원점,2800000,,0
[OrderItem],802TJ00000R0aoUYAR,[Order],SAL202512140018,,01tJO000008R3IIYA0,False,801TJ00000oJI0tYAG,01uJO000001R7wKYAS,,1,1,1200000,1610000,1200000,,,,2026-04-19T16:27:00.000+0000,005TJ00000B2qU2YAJ,2026-04-19T16:27:00.000+0000,005TJ00000B2qU2YAJ,2026-04-19T16:27:01.000+0000,2490892,801TJ00000oHtM6YAK,,3,,,,SAL202512140018-3,False,,,롯데노원점,2800000,,0
[OrderItem],802TJ00000R0oBwYAJ,[Order],SAL202512100247,,01tJO000008R5zKYAS,False,801TJ00000oJgFoYAK,01uJO000001RAWuYAO,,1,1,560000,770000,560000,,,,2026-04-19T16:37:30.000+0000,005TJ00000B2qU2YAJ,2026-04-19T16:37:30.000+0000,005TJ00000B2qU2YAJ,2026-04-19T16:37:30.000+0000,2539705,801TJ00000oHtM6YAK,,1,,,,SAL202512100247-1,False,,,롯데노원점,2800000,,0
[OrderItem],802TJ00000R0oBxYAJ,[Order],SAL202512100247,,01tJO000008R5zLYAS,False,801TJ00000oJgFoYAK,01uJO000001RAWvYAO,,1,1,1040000,1480000,1040000,,,,2026-04-19T16:37:30.000+0000,005TJ00000B2qU2YAJ,2026-04-19T16:37:30.000+0000,005TJ00000B2qU2YAJ,2026-04-19T16:37:30.000+0000,2539706,801TJ00000oHtM6YAK,,2,,,,SAL202512100247-2,False,,,롯데노원점,2800000,,0
[OrderItem],802TJ00000R0oByYAJ,[Order],SAL202512100247,,01tJO000008R3IIYA0,False,801TJ00000oJgFoYAK,01uJO000001R7wKYAS,,1,1,1200000,1610000,1200000,,,,2026-04-19T16:37:30.000+0000,005TJ00000B2qU2YAJ,2026-04-19T16:37:30.000+0000,005TJ00000B2qU2YAJ,2026-04-19T16:37:30.000+0000,2539707,801TJ00000oHtM6YAK,,3,,,,SAL202512100247-3,False,,,롯데노원점,2800000,,0
[OrderItem],802TJ00000R0YZzYAN,[Order],SAL202601091018,,01tJO000008R5gSYAS,False,801TJ00000oK2w8YAC,01uJO000001RAYyYAO,,1,1,84000,1610000,84000,,,,2026-04-19T16:25:42.000+0000,005TJ00000B2qU2YAJ,2026-04-19T16:25:42.000+0000,005TJ00000B2qU2YAJ,2026-04-19T16:25:43.000+0000,2483173,801TJ00000oHtM7YAK,,1,,,,SAL202601091018-1,False,,,롯데노원점,158000,,0
[OrderItem],802TJ00000R0Ya0YAF,[Order],SAL202601091018,,01tJO000008R5gRYAS,False,801TJ00000oK2w8YAC,01uJO000001RAYxYAO,,1,1,74000,1760000,74000,,,,2026-04-19T16:25:42.000+0000,005TJ00000B2qU2YAJ,2026-04-19T16:25:42.000+0000,005TJ00000B2qU2YAJ,2026-04-19T16:25:43.000+0000,2483174,801TJ00000oHtM7YAK,,2,,,,SAL202601091018-2,False,,,롯데노원점,158000,,0
[OrderItem],802TJ00000QzDyyYAF,[Order],SAL202309050065,,01tJO000008RCb1YAG,False,801TJ00000oJkkVYAS,01uJO000001RG65YAG,,1,1,8912000,16560000,8912000,,,,2026-04-19T15:18:36.000+0000,005TJ00000B2qU2YAJ,2026-04-19T15:18:36.000+0000,005TJ00000B2qU2YAJ,2026-04-19T15:18:36.000+0000,2184786,801TJ00000oHw2lYAC,,1,,,,SAL202309050065-1,False,,,신세계아울렛제주점,8912000,,0
[OrderItem],802TJ00000QzET9YAN,[Order],SAL202309050239,,01tJO000008R3vqYAC,False,801TJ00000oJklOYAS,01uJO000001R4rDYAS,,1,1,7224000,7990000,7224000,,,,2026-04-19T15:18:36.000+0000,005TJ00000B2qU2YAJ,2026-04-19T15:18:36.000+0000,005TJ00000B2qU2YAJ,2026-04-19T15:18:36.000+0000,2184857,801TJ00000oHw2lYAC,,1,,,,SAL202309050239-1,False,,,신세계아울렛제주점,16136000,,0
[OrderItem],802TJ00000QzETAYA3,[Order],SAL202309050239,,01tJO000008RCb1YAG,False,801TJ00000oJklOYAS,01uJO000001RG65YAG,,1,1,8912000,16560000,8912000,,,,2026-04-19T15:18:36.000+0000,005TJ00000B2qU2YAJ,2026-04-19T15:18:36.000+0000,005TJ00000B2qU2YAJ,2026-04-19T15:18:36.000+0000,2184858,801TJ00000oHw2lYAC,,2,,,,SAL202309050239-2,False,,,신세계아울렛제주점,16136000,,0
[OrderItem],802TJ00000Qzt3YYAR,[Order],SAL202310160225,,01tJO000008R07YYAS,False,801TJ00000oKHiDYAW,01uJO000001QzSRYA0,,2,2,366000,1470000,732000,,,,2026-04-19T15:52:39.000+0000,005TJ00000B2qU2YAJ,2026-04-19T15:52:39.000+0000,005TJ00000B2qU2YAJ,2026-04-19T15:52:39.000+0000,2335744,801TJ00000oHw7XYAS,,1,,,,SAL202310160225-1,False,,,신세계아울렛제주점,1134000,,0
[OrderItem],802TJ00000Qzt3ZYAR,[Order],SAL202310160225,,01tJO000008R6Y1YAK,False,801TJ00000oKHiDYAW,01uJO000001RAREYA4,,1,1,402000,1220000,402000,,,,2026-04-19T15:52:39.000+0000,005TJ00000B2qU2YAJ,2026-04-19T15:52:39.000+0000,005TJ00000B2qU2YAJ,2026-04-19T15:52:39.000+0000,2335745,801TJ00000oHw7XYAS,,2,,,,SAL202310160225-2,False,,,신세계아울렛제주점,1134000,,0
[OrderItem],802TJ00000Qza4nYAB,[Order],SAL202309140037,,01tJO000008R06hYAC,False,801TJ00000oJjCHYA0,01uJO000001Qz8EYAS,,1,1,0,4420000,0,,,,2026-04-19T15:36:31.000+0000,005TJ00000B2qU2YAJ,2026-04-19T15:36:31.000+0000,005TJ00000B2qU2YAJ,2026-04-19T15:36:32.000+0000,2265439,801TJ00000oHxkeYAC,,1,,,,SAL202309140037-1,False,,,롯데청량리점,0,,0
[OrderItem],802TJ00000R0VVpYAN,[Order],SAL202508190014,,01tJO000008RAxpYAG,False,801TJ00000oKPprYAG,01uJO000001RGL1YAO,,1,1,39000,1115000,39000,,,,2026-04-19T16:23:28.000+0000,005TJ00000B2qU2YAJ,2026-04-19T16:23:28.000+0000,005TJ00000B2qU2YAJ,2026-04-19T16:23:28.000+0000,2470865,801TJ00000oHxmpYAC,,1,,,,SAL202508190014-1,False,,,롯데청량리점,39000,,0
[OrderItem],802TJ00000R0xHPYAZ,[Order],SAL202603260042,,01tJO000008R5gsYAC,False,801TJ00000oJmIBYA0,01uJO000001RAZOYA4,,1,1,74000,1250000,74000,,,,2026-04-19T16:45:21.000+0000,005TJ00000B2qU2YAJ,2026-04-19T16:45:21.000+0000,005TJ00000B2qU2YAJ,2026-04-19T16:45:21.000+0000,2572819,801TJ00000oHyNfYAK,,1,,,,SAL202603260042-1,False,,,롯데노원점,167000,,0
[OrderItem],802TJ00000R0En1YAF,[Order],SAL202504150167,,01tJO000008R7NgYAK,False,801TJ00000oKVFfYAO,01uJO000001RBARYA4,,1,1,505600,1340000,505600,,,,2026-04-19T16:09:14.000+0000,005TJ00000B2qU2YAJ,2026-04-19T16:09:14.000+0000,005TJ00000B2qU2YAJ,2026-04-19T16:09:14.000+0000,2410690,801TJ00000oHyXaYAK,,1,,,,SAL202504150167-1,False,,,신세계아울렛제주점,505600,,0
[OrderItem],802TJ00000R0XvqYAF,[Order],SAL202512070140,,01tJO000008R06hYAC,False,801TJ00000oKKJaYAO,01uJO000001Qz8EYAS,,1,1,0,4420000,0,,,,2026-04-19T16:25:04.000+0000,005TJ00000B2qU2YAJ,2026-04-19T16:25:04.000+0000,005TJ00000B2qU2YAJ,2026-04-19T16:25:04.000+0000,2479916,801TJ00000oHztGYAS,,1,,,,SAL202512070140-1,False,,,롯데노원점,0,,0
[OrderItem],802TJ00000R0t13YAB,[Order],SAL202508120014,,01tJO000008RDt7YAG,False,801TJ00000oKd1ZYAS,01uJO000001RGTiYAO,,1,1,49000,4450000,49000,,,,2026-04-19T16:40:56.000+0000,005TJ00000B2qU2YAJ,2026-04-19T16:40:56.000+0000,005TJ00000B2qU2YAJ,2026-04-19T16:40:56.000+0000,2557719,801TJ00000oI0hpYAC,,1,,,,SAL202508120014-1,False,,,롯데노원점,49000,,0
[OrderItem],802TJ00000QzoJSYAZ,[Order],SAL202407020048,,01tJO000008QyLbYAK,False,801TJ00000oJjHRYA0,01uJO000001R2RiYAK,,1,1,53000,1,53000,,,,2026-04-19T15:48:46.000+0000,005TJ00000B2qU2YAJ,2026-04-19T15:48:46.000+0000,005TJ00000B2qU2YAJ,2026-04-19T15:48:46.000+0000,2317497,801TJ00000oI0j7YAC,,1,,,,SAL202407020048-1,False,,,롯데청량리점,53000,,0
[OrderItem],802TJ00000QzkdzYAB,[Order],SAL202403270095,,01tJO000008Qy1dYAC,False,801TJ00000oJwytYAC,01uJO000001R24WYAS,,1,1,0,1,0,,,,2026-04-19T15:45:25.000+0000,005TJ00000B2qU2YAJ,2026-04-19T15:45:25.000+0000,005TJ00000B2qU2YAJ,2026-04-19T15:45:25.000+0000,2306725,801TJ00000oI1s6YAC,,1,,,,SAL202403270095-1,False,,,롯데청량리점,0,,0
[OrderItem],802TJ00000R03vlYAB,[Order],SAL202503200210,,01tJO000008RDxRYAW,False,801TJ00000oKSe9YAG,01uJO000001RGUoYAO,,1,1,184000,7850000,184000,,,,2026-04-19T16:02:19.000+0000,005TJ00000B2qU2YAJ,2026-04-19T16:02:19.000+0000,005TJ00000B2qU2YAJ,2026-04-19T16:02:20.000+0000,2372073,801TJ00000oI480YAC,,1,,,,SAL202503200210-1,False,,,신세계아울렛제주점,184000,,0
[OrderItem],802TJ00000R0rZKYAZ,[Order],SAL202507020459,,01tJO000008R7EjYAK,False,801TJ00000oKNt5YAG,01uJO000001R86sYAC,,1,1,3800000,5870000,3800000,,,,2026-04-19T16:39:56.000+0000,005TJ00000B2qU2YAJ,2026-04-19T16:39:56.000+0000,005TJ00000B2qU2YAJ,2026-04-19T16:39:56.000+0000,2552431,801TJ00000oI7Y3YAK,,1,,,,SAL202507020459-1,False,,,롯데노원점,3800000,,0
[OrderItem],802TJ00000R0GPqYAN,[Order],SAL202409300894,,01tJO000008R5gsYAC,False,801TJ00000oJKIqYAO,01uJO000001RAZOYA4,,1,1,77000,1250000,77000,,,,2026-04-19T16:10:14.000+0000,005TJ00000B2qU2YAJ,2026-04-19T16:10:14.000+0000,005TJ00000B2qU2YAJ,2026-04-19T16:10:14.000+0000,2416089,801TJ00000oI7zTYAS,,1,,,,SAL202409300894-1,False,,,롯데노원점,77000,,0
[OrderItem],802TJ00000R05vvYAB,[Order],SAL202408300058,,01tJO000008R7oaYAC,False,801TJ00000oK6y6YAC,01uJO000001RBY7YAO,,1,1,2440000,4600000,2440000,,,,2026-04-19T16:03:40.000+0000,005TJ00000B2qU2YAJ,2026-04-19T16:03:40.000+0000,005TJ00000B2qU2YAJ,2026-04-19T16:03:40.000+0000,2379738,801TJ00000oI8XQYA0,,1,,,,SAL202408300058-1,False,,,롯데청량리점,8412000,,0
[OrderItem],802TJ00000R05vwYAB,[Order],SAL202408300058,,01tJO000008R5eQYAS,False,801TJ00000oK6y6YAC,01uJO000001RAVMYA4,,1,1,1104000,2940000,1104000,,,,2026-04-19T16:03:40.000+0000,005TJ00000B2qU2YAJ,2026-04-19T16:03:40.000+0000,005TJ00000B2qU2YAJ,2026-04-19T16:03:40.000+0000,2379739,801TJ00000oI8XQYA0,,2,,,,SAL202408300058-2,False,,,롯데청량리점,8412000,,0
[OrderItem],802TJ00000R05vxYAB,[Order],SAL202408300058,,01tJO000008R7pQYAS,False,801TJ00000oK6y6YAC,01uJO000001RBYxYAO,,1,1,776000,1430000,776000,,,,2026-04-19T16:03:40.000+0000,005TJ00000B2qU2YAJ,2026-04-19T16:03:40.000+0000,005TJ00000B2qU2YAJ,2026-04-19T16:03:40.000+0000,2379740,801TJ00000oI8XQYA0,,3,,,,SAL202408300058-3,False,,,롯데청량리점,8412000,,0
[OrderItem],802TJ00000R05vyYAB,[Order],SAL202408300058,,01tJO000008R7pPYAS,False,801TJ00000oK6y6YAC,01uJO000001RBYwYAO,,1,1,1224000,2430000,1224000,,,,2026-04-19T16:03:40.000+0000,005TJ00000B2qU2YAJ,2026-04-19T16:03:40.000+0000,005TJ00000B2qU2YAJ,2026-04-19T16:03:40.000+0000,2379741,801TJ00000oI8XQYA0,,4,,,,SAL202408300058-4,False,,,롯데청량리점,8412000,,0
[OrderItem],802TJ00000R05vzYAB,[Order],SAL202408300058,,01tJO000008R7pRYAS,False,801TJ00000oK6y6YAC,01uJO000001RBYyYAO,,1,1,456000,740000,456000,,,,2026-04-19T16:03:40.000+0000,005TJ00000B2qU2YAJ,2026-04-19T16:03:40.000+0000,005TJ00000B2qU2YAJ,2026-04-19T16:03:40.000+0000,2379742,801TJ00000oI8XQYA0,,5,,,,SAL202408300058-5,False,,,롯데청량리점,8412000,,0
[OrderItem],802TJ00000R05w0YAB,[Order],SAL202408300058,,01tJO000008R64aYAC,False,801TJ00000oK6y6YAC,01uJO000001RAx6YAG,,1,1,568000,1880000,568000,,,,2026-04-19T16:03:40.000+0000,005TJ00000B2qU2YAJ,2026-04-19T16:03:40.000+0000,005TJ00000B2qU2YAJ,2026-04-19T16:03:40.000+0000,2379743,801TJ00000oI8XQYA0,,6,,,,SAL202408300058-6,False,,,롯데청량리점,8412000,,0
[OrderItem],802TJ00000R05w1YAB,[Order],SAL202408300058,,01tJO000008R0THYA0,False,801TJ00000oK6y6YAC,01uJO000001QzUoYAK,,1,1,1392000,4210000,1392000,,,,2026-04-19T16:03:40.000+0000,005TJ00000B2qU2YAJ,2026-04-19T16:03:40.000+0000,005TJ00000B2qU2YAJ,2026-04-19T16:03:40.000+0000,2379744,801TJ00000oI8XQYA0,,7,,,,SAL202408300058-7,False,,,롯데청량리점,8412000,,0
[OrderItem],802TJ00000R05w2YAB,[Order],SAL202408300058,,01tJO000008R4ktYAC,False,801TJ00000oK6y6YAC,01uJO000001R8e6YAC,,1,1,452000,1040000,452000,,,,2026-04-19T16:03:40.000+0000,005TJ00000B2qU2YAJ,2026-04-19T16:03:40.000+0000,005TJ00000B2qU2YAJ,2026-04-19T16:03:40.000+0000,2379745,801TJ00000oI8XQYA0,,8,,,,SAL202408300058-8,False,,,롯데청량리점,8412000,,0
[OrderItem],802TJ00000R0EZ1YAN,[Order],SAL202410230034,,01tJO000008R8Q0YAK,False,801TJ00000oJDM3YAO,01uJO000001RDSCYA4,,1,1,1440000,5040000,1440000,,,,2026-04-19T16:09:05.000+0000,005TJ00000B2qU2YAJ,2026-04-19T16:09:05.000+0000,005TJ00000B2qU2YAJ,2026-04-19T16:09:05.000+0000,2409817,801TJ00000oI8XSYA0,,1,,,,SAL202410230034-1,False,,,롯데청량리점,1440000,,0
[OrderItem],802TJ00000QzXpeYAF,[Order],SAL202309190254,,01tJO000008QxmdYAC,False,801TJ00000oK7zRYAS,01uJO000001R1j4YAC,,1,1,4328000,10400000,4328000,,,,2026-04-19T15:33:43.000+0000,005TJ00000B2qU2YAJ,2026-04-19T15:33:43.000+0000,005TJ00000B2qU2YAJ,2026-04-19T15:33:43.000+0000,2259604,801TJ00000oI9DvYAK,,1,,,,SAL202309190254-1,False,,,신세계아울렛제주점,4328000,,0
[OrderItem],802TJ00000QzDysYAF,[Order],SAL202309050059,,01tJO000008R5nPYAS,False,801TJ00000oJkkPYAS,01uJO000001R6fYYAS,,1,1,4956000,8970000,4956000,,,,2026-04-19T15:18:36.000+0000,005TJ00000B2qU2YAJ,2026-04-19T15:18:36.000+0000,005TJ00000B2qU2YAJ,2026-04-19T15:18:36.000+0000,2184780,801TJ00000oI9EFYA0,,1,,,,SAL202309050059-1,False,,,신세계아울렛제주점,4956000,,0
[OrderItem],802TJ00000R0OiIYAV,[Order],SAL202408160145,,01tJO000008R1unYAC,False,801TJ00000oJWxvYAG,01uJO000001R2zqYAC,,1,1,0,1,0,,,,2026-04-19T16:16:47.000+0000,005TJ00000B2qU2YAJ,2026-04-19T16:16:47.000+0000,005TJ00000B2qU2YAJ,2026-04-19T16:16:48.000+0000,2446750,801TJ00000oIEpLYAW,,1,,,,SAL202408160145-1,False,,,롯데노원점,0,,0
[OrderItem],802TJ00000QzgszYAB,[Order],SAL202311170170,,01tJO000008RCb1YAG,False,801TJ00000oJjCwYAK,01uJO000001RG65YAG,,1,1,85000,16560000,85000,,,,2026-04-19T15:42:10.000+0000,005TJ00000B2qU2YAJ,2026-04-19T15:42:10.000+0000,005TJ00000B2qU2YAJ,2026-04-19T15:42:10.000+0000,2290794,801TJ00000oIEuFYAW,,1,,,,SAL202311170170-1,False,,,롯데청량리점,85000,,0
[OrderItem],802TJ00000R0pRgYAJ,[Order],SAL202512170215,,01tJO000008R5gTYAS,False,801TJ00000oKXyGYAW,01uJO000001RAYzYAO,,1,1,84000,1760000,84000,,,,2026-04-19T16:38:25.000+0000,005TJ00000B2qU2YAJ,2026-04-19T16:38:25.000+0000,005TJ00000B2qU2YAJ,2026-04-19T16:38:25.000+0000,2544469,801TJ00000oIEzYYAW,,1,,,,SAL202512170215-1,False,,,롯데노원점,158000,,0
[OrderItem],802TJ00000R0pRhYAJ,[Order],SAL202512170215,,01tJO000008R8RIYA0,False,801TJ00000oKXyGYAW,01uJO000001RDTUYA4,,1,1,74000,1900000,74000,,,,2026-04-19T16:38:25.000+0000,005TJ00000B2qU2YAJ,2026-04-19T16:38:25.000+0000,005TJ00000B2qU2YAJ,2026-04-19T16:38:25.000+0000,2544470,801TJ00000oIEzYYAW,,2,,,,SAL202512170215-2,False,,,롯데노원점,158000,,0
[OrderItem],802TJ00000R0h5zYAB,[Order],SAL202505220064,,01tJO000008R06hYAC,False,801TJ00000oKk4BYAS,01uJO000001Qz8EYAS,,1,1,189000,4420000,189000,,,,2026-04-19T16:31:06.000+0000,005TJ00000B2qU2YAJ,2026-04-19T16:31:06.000+0000,005TJ00000B2qU2YAJ,2026-04-19T16:31:07.000+0000,2513826,801TJ00000oIFn3YAG,,1,,,,SAL202505220064-1,False,,,롯데노원점,189000,,0
[OrderItem],802TJ00000R0LyDYAV,[Order],SAL202408070473,,01tJO000008R25jYAC,False,801TJ00000oJzB7YAK,01uJO000001R6AHYA0,,1,1,808000,1670000,808000,,,,2026-04-19T16:14:50.000+0000,005TJ00000B2qU2YAJ,2026-04-19T16:14:50.000+0000,005TJ00000B2qU2YAJ,2026-04-19T16:14:50.000+0000,2435805,801TJ00000oIH9BYAW,,1,,,,SAL202408070473-1,False,,,롯데청량리점,1416000,,0
[OrderItem],802TJ00000R0LyEYAV,[Order],SAL202408070473,,01tJO000008R9WHYA0,False,801TJ00000oJzB7YAK,01uJO000001RCoRYAW,,1,1,608000,1370000,608000,,,,2026-04-19T16:14:50.000+0000,005TJ00000B2qU2YAJ,2026-04-19T16:14:50.000+0000,005TJ00000B2qU2YAJ,2026-04-19T16:14:50.000+0000,2435806,801TJ00000oIH9BYAW,,2,,,,SAL202408070473-2,False,,,롯데청량리점,1416000,,0
[OrderItem],802TJ00000Qzqy5YAB,[Order],SAL202310060141,,01tJO000008RCb1YAG,False,801TJ00000oIgWCYA0,01uJO000001RG65YAG,,1,1,85000,16560000,85000,,,,2026-04-19T15:50:53.000+0000,005TJ00000B2qU2YAJ,2026-04-19T15:50:53.000+0000,005TJ00000B2qU2YAJ,2026-04-19T15:50:53.000+0000,2327317,801TJ00000oIICOYA4,,1,,,,SAL202310060141-1,False,,,롯데청량리점,85000,,0
[OrderItem],802TJ00000Qzt3bYAB,[Order],SAL202310160227,,01tJO000008RBEcYAO,False,801TJ00000oKHiFYAW,01uJO000001RGLgYAO,,1,1,534000,2090000,534000,,,,2026-04-19T15:52:39.000+0000,005TJ00000B2qU2YAJ,2026-04-19T15:52:39.000+0000,005TJ00000B2qU2YAJ,2026-04-19T15:52:39.000+0000,2335747,801TJ00000oIICQYA4,,1,,,,SAL202310160227-1,False,,,신세계아울렛제주점,534000,,0
[OrderItem],802TJ00000R0xHQYAZ,[Order],SAL202603260042,,01tJO000008RDWsYAO,False,801TJ00000oJmIBYA0,01uJO000001RDKnYAO,,1,1,93000,1,93000,,,,2026-04-19T16:45:21.000+0000,005TJ00000B2qU2YAJ,2026-04-19T16:45:21.000+0000,005TJ00000B2qU2YAJ,2026-04-19T16:45:21.000+0000,2572820,801TJ00000oIJxUYAW,,2,,,,SAL202603260042-2,False,,,롯데노원점,167000,,0
[OrderItem],802TJ00000QzEuRYAV,[Order],SAL202308160216,,01tJO000008R64OYAS,False,801TJ00000oJzfLYAS,01uJO000001RAwuYAG,,1,1,1624000,6700000,1624000,,,,2026-04-19T15:19:18.000+0000,005TJ00000B2qU2YAJ,2026-04-19T15:19:18.000+0000,005TJ00000B2qU2YAJ,2026-04-19T15:19:18.000+0000,2188359,801TJ00000oIKQMYA4,,2,,,,SAL202308160216-2,False,,,롯데청량리점,2149000,,0
[OrderItem],802TJ00000QzdxfYAB,[Order],SAL202405170476,,01tJO000008RCb1YAG,False,801TJ00000oJEMtYAO,01uJO000001RG65YAG,,1,1,5570000,16560000,5570000,,,,2026-04-19T15:39:57.000+0000,005TJ00000B2qU2YAJ,2026-04-19T15:39:57.000+0000,005TJ00000B2qU2YAJ,2026-04-19T15:39:57.000+0000,2279627,801TJ00000oIKj4YAG,,1,,,,SAL202405170476-1,False,,,신세계아울렛제주점,7250000,,0
[OrderItem],802TJ00000QzdxgYAB,[Order],SAL202405170476,,01tJO000008QzU1YAK,False,801TJ00000oJEMtYAO,01uJO000001R2z5YAC,,1,1,1680000,4400000,1680000,,,,2026-04-19T15:39:57.000+0000,005TJ00000B2qU2YAJ,2026-04-19T15:39:57.000+0000,005TJ00000B2qU2YAJ,2026-04-19T15:39:57.000+0000,2279628,801TJ00000oIKj4YAG,,2,,,,SAL202405170476-2,False,,,신세계아울렛제주점,7250000,,0
[OrderItem],802TJ00000QzDypYAF,[Order],SAL202309050056,,01tJO000008R5nPYAS,False,801TJ00000oJkkMYAS,01uJO000001R6fYYAS,,1,1,4956000,8970000,4956000,,,,2026-04-19T15:18:36.000+0000,005TJ00000B2qU2YAJ,2026-04-19T15:18:36.000+0000,005TJ00000B2qU2YAJ,2026-04-19T15:18:36.000+0000,2184777,801TJ00000oIMV3YAO,,1,,,,SAL202309050056-1,False,,,신세계아울렛제주점,4956000,,0
[OrderItem],802TJ00000R0x68YAB,[Order],SAL202603240583,,01tJO000008R7Q0YAK,False,801TJ00000oK6ndYAC,01uJO000001RBClYAO,,1,1,576000,1060000,576000,,,,2026-04-19T16:45:13.000+0000,005TJ00000B2qU2YAJ,2026-04-19T16:45:13.000+0000,005TJ00000B2qU2YAJ,2026-04-19T16:45:14.000+0000,2572120,801TJ00000oINRfYAO,,1,,,,SAL202603240583-1,False,,,신세계아울렛제주점,1395200,,0
[OrderItem],802TJ00000R0x69YAB,[Order],SAL202603240583,,01tJO000008R1GzYAK,False,801TJ00000oK6ndYAC,01uJO000001R0YeYAK,,1,1,819200,1560000,819200,,,,2026-04-19T16:45:13.000+0000,005TJ00000B2qU2YAJ,2026-04-19T16:45:13.000+0000,005TJ00000B2qU2YAJ,2026-04-19T16:45:14.000+0000,2572121,801TJ00000oINRfYAO,,2,,,,SAL202603240583-2,False,,,신세계아울렛제주점,1395200,,0
[OrderItem],802TJ00000R0FkyYAF,[Order],SAL202501010085,,01tJO000008QzU1YAK,False,801TJ00000oKUN6YAO,01uJO000001R2z5YAC,,1,1,1470000,4400000,1470000,,,,2026-04-19T16:09:50.000+0000,005TJ00000B2qU2YAJ,2026-04-19T16:09:50.000+0000,005TJ00000B2qU2YAJ,2026-04-19T16:09:50.000+0000,2413824,801TJ00000oIPBCYA4,,1,,,,SAL202501010085-1,False,,,신세계아울렛제주점,1470000,,0
[OrderItem],802TJ00000QzkiOYAR,[Order],SAL202405020211,,01tJO000008QyLbYAK,False,801TJ00000oKcySYAS,01uJO000001R2RiYAK,,1,1,0,1,0,,,,2026-04-19T15:44:57.000+0000,005TJ00000B2qU2YAJ,2026-04-19T15:44:57.000+0000,005TJ00000B2qU2YAJ,2026-04-19T15:44:57.000+0000,2304426,801TJ00000oIQp0YAG,,1,,,,SAL202405020211-1,False,,,롯데청량리점,0,,0
[OrderItem],802TJ00000QzvA9YAJ,[Order],SAL202405030057,,01tJO000008QyLbYAK,False,801TJ00000oJlbVYAS,01uJO000001R2RiYAK,,1,1,0,1,0,,,,2026-04-19T15:54:02.000+0000,005TJ00000B2qU2YAJ,2026-04-19T15:54:02.000+0000,005TJ00000B2qU2YAJ,2026-04-19T15:54:02.000+0000,2342669,801TJ00000oIQp0YAG,,1,,,,SAL202405030057-1,False,,,롯데청량리점,0,,0
[OrderItem],802TJ00000QzrK2YAJ,[Order],SAL202405300027,,01tJO000008R5gUYAS,False,801TJ00000oJjRjYAK,01uJO000001RAZ0YAO,,1,1,0,940000,0,,,,2026-04-19T15:51:19.000+0000,005TJ00000B2qU2YAJ,2026-04-19T15:51:19.000+0000,005TJ00000B2qU2YAJ,2026-04-19T15:51:19.000+0000,2329123,801TJ00000oIQqBYAW,,1,,,,SAL202405300027-1,False,,,롯데청량리점,0,,0
[OrderItem],802TJ00000R0OE4YAN,[Order],SAL202407250792,,01tJO000008R5nPYAS,False,801TJ00000oK9AQYA0,01uJO000001R6fYYAS,,1,1,4130000,8970000,4130000,,,,2026-04-19T16:16:29.000+0000,005TJ00000B2qU2YAJ,2026-04-19T16:16:29.000+0000,005TJ00000B2qU2YAJ,2026-04-19T16:16:29.000+0000,2444958,801TJ00000oIR1LYAW,,1,,,,SAL202407250792-1,False,,,신세계아울렛제주점,10222000,,0
[OrderItem],802TJ00000R0OSbYAN,[Order],SAL202407250792,,01tJO000008RC4PYAW,False,801TJ00000oK9AQYA0,01uJO000001RCTWYA4,,1,1,852000,1780000,852000,,,,2026-04-19T16:16:29.000+0000,005TJ00000B2qU2YAJ,2026-04-19T16:16:29.000+0000,005TJ00000B2qU2YAJ,2026-04-19T16:16:29.000+0000,2444959,801TJ00000oIR1LYAW,,2,,,,SAL202407250792-2,False,,,신세계아울렛제주점,10222000,,0
[OrderItem],802TJ00000R0OScYAN,[Order],SAL202407250792,,01tJO000008R6a1YAC,False,801TJ00000oK9AQYA0,01uJO000001RATEYA4,,1,1,2045000,8460000,2045000,,,,2026-04-19T16:16:29.000+0000,005TJ00000B2qU2YAJ,2026-04-19T16:16:29.000+0000,005TJ00000B2qU2YAJ,2026-04-19T16:16:29.000+0000,2444960,801TJ00000oIR1LYAW,,3,,,,SAL202407250792-3,False,,,신세계아울렛제주점,10222000,,0
[OrderItem],802TJ00000R0OSdYAN,[Order],SAL202407250792,,01tJO000008R0VOYA0,False,801TJ00000oK9AQYA0,01uJO000001QzqHYAS,,3,3,1065000,4580000,3195000,,,,2026-04-19T16:16:29.000+0000,005TJ00000B2qU2YAJ,2026-04-19T16:16:29.000+0000,005TJ00000B2qU2YAJ,2026-04-19T16:16:29.000+0000,2444961,801TJ00000oIR1LYAW,,4,,,,SAL202407250792-4,False,,,신세계아울렛제주점,10222000,,0
[OrderItem],802TJ00000QzdxhYAB,[Order],SAL202405170477,,01tJO000008R5nPYAS,False,801TJ00000oJEMuYAO,01uJO000001R6fYYAS,,1,1,4130000,8970000,4130000,,,,2026-04-19T15:39:57.000+0000,005TJ00000B2qU2YAJ,2026-04-19T15:39:57.000+0000,005TJ00000B2qU2YAJ,2026-04-19T15:39:57.000+0000,2279629,801TJ00000oIRU4YAO,,1,,,,SAL202405170477-1,False,,,신세계아울렛제주점,4130000,,0
[OrderItem],802TJ00000R0mTbYAJ,[Order],SAL202509020471,,01tJO000008R4ewYAC,False,801TJ00000oJZwIYAW,01uJO000001R9UEYA0,,1,1,65000,1120000,65000,,,,2026-04-19T16:36:14.000+0000,005TJ00000B2qU2YAJ,2026-04-19T16:36:14.000+0000,005TJ00000B2qU2YAJ,2026-04-19T16:36:14.000+0000,2533233,801TJ00000oISbcYAG,,1,,,,SAL202509020471-1,False,,,롯데노원점,65000,,0
[OrderItem],802TJ00000R0kGLYAZ,[Order],SAL202511160032,,01tJO000008R5ePYAS,False,801TJ00000oJQKdYAO,01uJO000001RAVLYA4,,1,1,91000,2840000,91000,,,,2026-04-19T16:34:35.000+0000,005TJ00000B2qU2YAJ,2026-04-19T16:34:35.000+0000,005TJ00000B2qU2YAJ,2026-04-19T16:34:36.000+0000,2525281,801TJ00000oIT2bYAG,,1,,,,SAL202511160032-1,False,,,롯데노원점,91000,,0
[OrderItem],802TJ00000R0XRkYAN,[Order],SAL202511010646,,01tJO000008R7NYYA0,False,801TJ00000oJr6sYAC,01uJO000001RBAJYA4,,1,1,1050000,2630000,1050000,,,,2026-04-19T16:24:46.000+0000,005TJ00000B2qU2YAJ,2026-04-19T16:24:46.000+0000,005TJ00000B2qU2YAJ,2026-04-19T16:24:46.000+0000,2478000,801TJ00000oITeEYAW,,1,,,,SAL202511010646-1,False,,,신세계아울렛제주점,6292000,,0
[OrderItem],802TJ00000R0XRlYAN,[Order],SAL202511010646,,01tJO000008R7P8YAK,False,801TJ00000oJr6sYAC,01uJO000001RBBtYAO,,1,1,798000,1,798000,,,,2026-04-19T16:24:46.000+0000,005TJ00000B2qU2YAJ,2026-04-19T16:24:46.000+0000,005TJ00000B2qU2YAJ,2026-04-19T16:24:46.000+0000,2478001,801TJ00000oITeEYAW,,2,,,,SAL202511010646-2,False,,,신세계아울렛제주점,6292000,,0
[OrderItem],802TJ00000R0XRmYAN,[Order],SAL202511010646,,01tJO000008R7NaYAK,False,801TJ00000oJr6sYAC,01uJO000001RBALYA4,,1,1,624000,1520000,624000,,,,2026-04-19T16:24:46.000+0000,005TJ00000B2qU2YAJ,2026-04-19T16:24:46.000+0000,005TJ00000B2qU2YAJ,2026-04-19T16:24:46.000+0000,2478002,801TJ00000oITeEYAW,,3,,,,SAL202511010646-3,False,,,신세계아울렛제주점,6292000,,0
[OrderItem],802TJ00000R0dHMYAZ,[Order],SAL202512190541,,01tJO000008R5muYAC,False,801TJ00000oJIqcYAG,01uJO000001R6f3YAC,,1,1,1200000,2970000,1200000,,,,2026-04-19T16:28:39.000+0000,005TJ00000B2qU2YAJ,2026-04-19T16:28:39.000+0000,005TJ00000B2qU2YAJ,2026-04-19T16:28:39.000+0000,2500112,801TJ00000oIU4pYAG,,1,,,,SAL202512190541-1,False,,,신세계아울렛제주점,2058000,,0
[OrderItem],802TJ00000R0dHNYAZ,[Order],SAL202512190541,,01tJO000008R69YYAS,False,801TJ00000oJIqcYAG,01uJO000001R71hYAC,,1,1,858000,2090000,858000,,,,2026-04-19T16:28:39.000+0000,005TJ00000B2qU2YAJ,2026-04-19T16:28:39.000+0000,005TJ00000B2qU2YAJ,2026-04-19T16:28:39.000+0000,2500113,801TJ00000oIU4pYAG,,2,,,,SAL202512190541-2,False,,,신세계아울렛제주점,2058000,,0
[OrderItem],802TJ00000QzEuTYAV,[Order],SAL202308160218,,01tJO000008R7NcYAK,False,801TJ00000oJzfNYAS,01uJO000001RBANYA4,,1,1,704000,1830000,704000,,,,2026-04-19T15:19:18.000+0000,005TJ00000B2qU2YAJ,2026-04-19T15:19:18.000+0000,005TJ00000B2qU2YAJ,2026-04-19T15:19:18.000+0000,2188361,801TJ00000oIUQ0YAO,,1,,,,SAL202308160218-1,False,,,롯데청량리점,704000,,0
[OrderItem],802TJ00000QzEuQYAV,[Order],SAL202308160216,,01tJO000008R7OnYAK,False,801TJ00000oJzfLYAS,01uJO000001RBBYYA4,,1,1,525000,1360000,525000,,,,2026-04-19T15:19:18.000+0000,005TJ00000B2qU2YAJ,2026-04-19T15:19:18.000+0000,005TJ00000B2qU2YAJ,2026-04-19T15:19:18.000+0000,2188358,801TJ00000oIUQ4YAO,,1,,,,SAL202308160216-1,False,,,롯데청량리점,2149000,,0
[OrderItem],802TJ00000R0UWkYAN,[Order],SAL202510280133,,01tJO000008R3UEYA0,False,801TJ00000oKEn3YAG,01uJO000001R7X7YAK,,1,1,110000,5580000,110000,,,,2026-04-19T16:22:46.000+0000,005TJ00000B2qU2YAJ,2026-04-19T16:22:46.000+0000,005TJ00000B2qU2YAJ,2026-04-19T16:22:46.000+0000,2467278,801TJ00000oIUkzYAG,,1,,,,SAL202510280133-1,False,,,롯데노원점,110000,,0
[OrderItem],802TJ00000R0EmmYAF,[Order],SAL202504150151,,01tJO000008RDN9YAO,False,801TJ00000oKVFTYA4,01uJO000001REf6YAG,,1,1,723200,1590000,723200,,,,2026-04-19T16:09:14.000+0000,005TJ00000B2qU2YAJ,2026-04-19T16:09:14.000+0000,005TJ00000B2qU2YAJ,2026-04-19T16:09:14.000+0000,2410675,801TJ00000oIUyBYAW,,1,,,,SAL202504150151-1,False,,,신세계아울렛제주점,723200,,0
[OrderItem],802TJ00000QzFMWYA3,[Order],SAL202308010149,,01tJO000008R0VVYA0,False,801TJ00000oJmsyYAC,01uJO000001QzqOYAS,,1,1,0,7360000,0,,,,2026-04-19T15:19:35.000+0000,005TJ00000B2qU2YAJ,2026-04-19T15:19:35.000+0000,005TJ00000B2qU2YAJ,2026-04-19T15:19:35.000+0000,2189738,801TJ00000oIV2vYAG,,1,,,,SAL202308010149-1,False,,,롯데노원점,0,,0
[OrderItem],802TJ00000QzEuXYAV,[Order],SAL202308160221,,01tJO000008R7FRYA0,False,801TJ00000oJzfQYAS,01uJO000001R87aYAC,,1,1,2720000,4440000,2720000,,,,2026-04-19T15:19:18.000+0000,005TJ00000B2qU2YAJ,2026-04-19T15:19:18.000+0000,005TJ00000B2qU2YAJ,2026-04-19T15:19:18.000+0000,2188365,801TJ00000oIVEOYA4,,1,,,,SAL202308160221-1,False,,,롯데청량리점,2720000,,0
[OrderItem],802TJ00000QzQAtYAN,[Order],SAL202307010090,,01tJO000008R8ouYAC,False,801TJ00000oKkWkYAK,01uJO000001RDr6YAG,,1,1,1800000,4920000,1800000,,,,2026-04-19T15:27:48.000+0000,005TJ00000B2qU2YAJ,2026-04-19T15:27:48.000+0000,005TJ00000B2qU2YAJ,2026-04-19T15:27:48.000+0000,2228674,801TJ00000oIVKfYAO,,2,,,,SAL202307010090-2,False,,,롯데청량리점,5400000,,0
[OrderItem],802TJ00000QzSoQYAV,[Order],SAL202307011815,,01tJO000008R8ouYAC,False,801TJ00000oKJkBYAW,01uJO000001RDr6YAG,,1,1,1800000,4920000,1800000,,,,2026-04-19T15:29:35.000+0000,005TJ00000B2qU2YAJ,2026-04-19T15:29:35.000+0000,005TJ00000B2qU2YAJ,2026-04-19T15:29:35.000+0000,2238713,801TJ00000oIVKfYAO,,2,,,,SAL202307011815-2,False,,,롯데청량리점,5400000,,0
[OrderItem],802TJ00000QzS25YAF,[Order],SAL202304170153,,01tJO000008R0VVYA0,False,801TJ00000oKdOJYA0,01uJO000001QzqOYAS,,1,1,10000,7360000,10000,,,,2026-04-19T15:29:05.000+0000,005TJ00000B2qU2YAJ,2026-04-19T15:29:05.000+0000,005TJ00000B2qU2YAJ,2026-04-19T15:29:05.000+0000,2235809,801TJ00000oIWFDYA4,,1,,,,SAL202304170153-1,False,,,신세계아울렛제주점,10000,,0
[OrderItem],802TJ00000R0BHDYA3,[Order],SAL202410160461,,01tJO000008R5oBYAS,False,801TJ00000oKedzYAC,01uJO000001R6gKYAS,,2,2,3950000,9570000,7900000,,,,2026-04-19T16:06:54.000+0000,005TJ00000B2qU2YAJ,2026-04-19T16:06:54.000+0000,005TJ00000B2qU2YAJ,2026-04-19T16:06:54.000+0000,2397781,801TJ00000oIX5RYAW,,1,,,,SAL202410160461-1,False,,,신세계아울렛제주점,10815000,,0
[OrderItem],802TJ00000R0BHEYA3,[Order],SAL202410160461,,01tJO000008R8ARYA0,False,801TJ00000oKedzYAC,01uJO000001R8pgYAC,,1,1,2915000,7290000,2915000,,,,2026-04-19T16:06:54.000+0000,005TJ00000B2qU2YAJ,2026-04-19T16:06:54.000+0000,005TJ00000B2qU2YAJ,2026-04-19T16:06:54.000+0000,2397782,801TJ00000oIX5RYAW,,2,,,,SAL202410160461-2,False,,,신세계아울렛제주점,10815000,,0
[OrderItem],802TJ00000QzglzYAB,[Order],SAL202407190349,,01tJO000008R07GYAS,False,801TJ00000oKhLCYA0,01uJO000001Qz8nYAC,,1,1,3512000,11000000,3512000,,,,2026-04-19T15:42:14.000+0000,005TJ00000B2qU2YAJ,2026-04-19T15:42:14.000+0000,005TJ00000B2qU2YAJ,2026-04-19T15:42:14.000+0000,2291137,801TJ00000oIXn4YAG,,1,,,,SAL202407190349-1,False,,,롯데노원점,6088000,,0
[OrderItem],802TJ00000Qzgm0YAB,[Order],SAL202407190349,,01tJO000008QyxqYAC,False,801TJ00000oKhLCYA0,01uJO000001R3APYA0,,1,1,1784000,3160000,1784000,,,,2026-04-19T15:42:14.000+0000,005TJ00000B2qU2YAJ,2026-04-19T15:42:14.000+0000,005TJ00000B2qU2YAJ,2026-04-19T15:42:14.000+0000,2291138,801TJ00000oIXn4YAG,,2,,,,SAL202407190349-2,False,,,롯데노원점,6088000,,0
[OrderItem],802TJ00000Qzgm1YAB,[Order],SAL202407190349,,01tJO000008R4ewYAC,False,801TJ00000oKhLCYA0,01uJO000001R9UEYA0,,1,1,336000,1120000,336000,,,,2026-04-19T15:42:14.000+0000,005TJ00000B2qU2YAJ,2026-04-19T15:42:14.000+0000,005TJ00000B2qU2YAJ,2026-04-19T15:42:14.000+0000,2291139,801TJ00000oIXn4YAG,,3,,,,SAL202407190349-3,False,,,롯데노원점,6088000,,0
[OrderItem],802TJ00000Qzgm2YAB,[Order],SAL202407190349,,01tJO000008R7pRYAS,False,801TJ00000oKhLCYA0,01uJO000001RBYyYAO,,1,1,456000,740000,456000,,,,2026-04-19T15:42:14.000+0000,005TJ00000B2qU2YAJ,2026-04-19T15:42:14.000+0000,005TJ00000B2qU2YAJ,2026-04-19T15:42:14.000+0000,2291140,801TJ00000oIXn4YAG,,4,,,,SAL202407190349-4,False,,,롯데노원점,6088000,,0
[Order],801JO00000HwMWhYAN,orderSuccess,,,,,,,,,,,,,,,,,,,,,,,,,,,,,,,,,,,
[Order],801JO00000HwMWiYAN,orderSuccess,,,,,,,,,,,,,,,,,,,,,,,,,,,,,,,,,,,
[Order],801JO00000HwMWjYAN,orderSuccess,,,,,,,,,,,,,,,,,,,,,,,,,,,,,,,,,,,
[Order],801JO00000HwMWkYAN,orderSuccess,,,,,,,,,,,,,,,,,,,,,,,,,,,,,,,,,,,
[Order],801JO00000HwMWlYAN,orderSuccess,,,,,,,,,,,,,,,,,,,,,,,,,,,,,,,,,,,
[Order],801JO00000HwMWmYAN,orderSuccess,,,,,,,,,,,,,,,,,,,,,,,,,,,,,,,,,,,
[Order],801JO00000HwMWnYAN,orderSuccess,,,,,,,,,,,,,,,,,,,,,,,,,,,,,,,,,,,
[Order],801JO00000HwMWoYAN,orderSuccess,,,,,,,,,,,,,,,,,,,,,,,,,,,,,,,,,,,
[Order],801JO00000HwMWpYAN,orderSuccess,,,,,,,,,,,,,,,,,,,,,,,,,,,,,,,,,,,
[Order],801JO00000HwMWqYAN,orderSuccess,,,,,,,,,,,,,,,,,,,,,,,,,,,,,,,,,,,
[Order],801JO00000HwMWrYAN,orderSuccess,,,,,,,,,,,,,,,,,,,,,,,,,,,,,,,,,,,
[Order],801JO00000HwMWsYAN,orderSuccess,,,,,,,,,,,,,,,,,,,,,,,,,,,,,,,,,,,
[Order],801JO00000HwMWtYAN,orderSuccess,,,,,,,,,,,,,,,,,,,,,,,,,,,,,,,,,,,
[Order],801JO00000HwMWuYAN,orderSuccess,,,,,,,,,,,,,,,,,,,,,,,,,,,,,,,,,,,
[Order],801JO00000HwMWvYAN,orderSuccess,,,,,,,,,,,,,,,,,,,,,,,,,,,,,,,,,,,
[Order],801JO00000HwMWwYAN,orderSuccess,,,,,,,,,,,,,,,,,,,,,,,,,,,,,,,,,,,
[Order],801JO00000HwMWxYAN,orderSuccess,,,,,,,,,,,,,,,,,,,,,,,,,,,,,,,,,,,
[Order],801JO00000HwMWyYAN,orderSuccess,,,,,,,,,,,,,,,,,,,,,,,,,,,,,,,,,,,
[Order],801JO00000HwMWzYAN,orderSuccess,,,,,,,,,,,,,,,,,,,,,,,,,,,,,,,,,,,
[Order],801JO00000HwMX0YAN,orderSuccess,,,,,,,,,,,,,,,,,,,,,,,,,,,,,,,,,,,
[Order],801JO00000HwMX1YAN,orderSuccess,,,,,,,,,,,,,,,,,,,,,,,,,,,,,,,,,,,
[Order],801JO00000HwMX2YAN,orderSuccess,,,,,,,,,,,,,,,,,,,,,,,,,,,,,,,,,,,
[Order],801JO00000HwMX3YAN,orderSuccess,,,,,,,,,,,,,,,,,,,,,,,,,,,,,,,,,,,
[Order],801JO00000HwMX4YAN,orderSuccess,,,,,,,,,,,,,,,,,,,,,,,,,,,,,,,,,,,
[Order],801JO00000HwMX5YAN,orderSuccess,,,,,,,,,,,,,,,,,,,,,,,,,,,,,,,,,,,
[Order],801JO00000HwMX6YAN,saleSuccess,,,,,,,,,,,,,,,,,,,,,,,,,,,,,,,,,,,
[Order],801JO00000HwMX7YAN,orderSuccess,,,,,,,,,,,,,,,,,,,,,,,,,,,,,,,,,,,
[Order],801JO00000HwMX8YAN,orderSuccess,,,,,,,,,,,,,,,,,,,,,,,,,,,,,,,,,,,
[Order],801JO00000HwMX9YAN,orderSuccess,,,,,,,,,,,,,,,,,,,,,,,,,,,,,,,,,,,
[Order],801JO00000HwMXAYA3,orderSuccess,,,,,,,,,,,,,,,,,,,,,,,,,,,,,,,,,,,
[Order],801JO00000HwMXBYA3,orderSuccess,,,,,,,,,,,,,,,,,,,,,,,,,,,,,,,,,,,
[Order],801JO00000HwMXCYA3,orderSuccess,,,,,,,,,,,,,,,,,,,,,,,,,,,,,,,,,,,
[Order],801JO00000HwMXDYA3,orderSuccess,,,,,,,,,,,,,,,,,,,,,,,,,,,,,,,,,,,
[Order],801JO00000HwMXEYA3,orderSuccess,,,,,,,,,,,,,,,,,,,,,,,,,,,,,,,,,,,
[Order],801JO00000HwMXFYA3,orderSuccess,,,,,,,,,,,,,,,,,,,,,,,,,,,,,,,,,,,
[Order],801JO00000HwMXGYA3,orderSuccess,,,,,,,,,,,,,,,,,,,,,,,,,,,,,,,,,,,
[Order],801JO00000HwMXHYA3,orderSuccess,,,,,,,,,,,,,,,,,,,,,,,,,,,,,,,,,,,
[Order],801JO00000HwMXIYA3,orderSuccess,,,,,,,,,,,,,,,,,,,,,,,,,,,,,,,,,,,
[Order],801JO00000HwMXJYA3,orderSuccess,,,,,,,,,,,,,,,,,,,,,,,,,,,,,,,,,,,
[Order],801JO00000HwMXKYA3,orderSuccess,,,,,,,,,,,,,,,,,,,,,,,,,,,,,,,,,,,
[Order],801JO00000HwMXLYA3,orderSuccess,,,,,,,,,,,,,,,,,,,,,,,,,,,,,,,,,,,
[Order],801JO00000HwMXMYA3,orderSuccess,,,,,,,,,,,,,,,,,,,,,,,,,,,,,,,,,,,
[Order],801JO00000HwMXNYA3,orderSuccess,,,,,,,,,,,,,,,,,,,,,,,,,,,,,,,,,,,
[Order],801JO00000HwMXOYA3,orderSuccess,,,,,,,,,,,,,,,,,,,,,,,,,,,,,,,,,,,
[Order],801JO00000HwMXPYA3,orderSuccess,,,,,,,,,,,,,,,,,,,,,,,,,,,,,,,,,,,
[Order],801JO00000HwMXQYA3,saleSuccess,,,,,,,,,,,,,,,,,,,,,,,,,,,,,,,,,,,
[Order],801JO00000HwMXRYA3,saleSuccess,,,,,,,,,,,,,,,,,,,,,,,,,,,,,,,,,,,
[Order],801JO00000HwMXSYA3,saleSuccess,,,,,,,,,,,,,,,,,,,,,,,,,,,,,,,,,,,
[Order],801JO00000HwMXTYA3,saleSuccess,,,,,,,,,,,,,,,,,,,,,,,,,,,,,,,,,,,
[Order],801JO00000HwMXUYA3,saleSuccess,,,,,,,,,,,,,,,,,,,,,,,,,,,,,,,,,,,
[Order],801JO00000HwMXVYA3,saleSuccess,,,,,,,,,,,,,,,,,,,,,,,,,,,,,,,,,,,
[Order],801JO00000HwMXWYA3,saleSuccess,,,,,,,,,,,,,,,,,,,,,,,,,,,,,,,,,,,
[Order],801JO00000HwMXXYA3,saleSuccess,,,,,,,,,,,,,,,,,,,,,,,,,,,,,,,,,,,
[Order],801JO00000HwMXYYA3,saleSuccess,,,,,,,,,,,,,,,,,,,,,,,,,,,,,,,,,,,
[Order],801JO00000HwMXZYA3,saleSuccess,,,,,,,,,,,,,,,,,,,,,,,,,,,,,,,,,,,
[Order],801JO00000HwMXaYAN,saleSuccess,,,,,,,,,,,,,,,,,,,,,,,,,,,,,,,,,,,
[Order],801JO00000HwMXbYAN,saleSuccess,,,,,,,,,,,,,,,,,,,,,,,,,,,,,,,,,,,
[Order],801JO00000HwMXcYAN,saleSuccess,,,,,,,,,,,,,,,,,,,,,,,,,,,,,,,,,,,
[Order],801JO00000HwMXdYAN,saleSuccess,,,,,,,,,,,,,,,,,,,,,,,,,,,,,,,,,,,
[Order],801JO00000HwMXeYAN,saleSuccess,,,,,,,,,,,,,,,,,,,,,,,,,,,,,,,,,,,
[Order],801JO00000HwMXfYAN,saleSuccess,,,,,,,,,,,,,,,,,,,,,,,,,,,,,,,,,,,
[Order],801JO00000HwMXgYAN,saleDeleted,,,,,,,,,,,,,,,,,,,,,,,,,,,,,,,,,,,
[Order],801JO00000HwMXhYAN,saleDeleted,,,,,,,,,,,,,,,,,,,,,,,,,,,,,,,,,,,
[Order],801JO00000HwMXiYAN,saleSuccess,,,,,,,,,,,,,,,,,,,,,,,,,,,,,,,,,,,
[Order],801JO00000HwMXjYAN,saleSuccess,,,,,,,,,,,,,,,,,,,,,,,,,,,,,,,,,,,
[Order],801JO00000HwMXkYAN,saleSuccess,,,,,,,,,,,,,,,,,,,,,,,,,,,,,,,,,,,
[Order],801JO00000HwMXlYAN,saleSuccess,,,,,,,,,,,,,,,,,,,,,,,,,,,,,,,,,,,
[Order],801JO00000HwMXmYAN,saleSuccess,,,,,,,,,,,,,,,,,,,,,,,,,,,,,,,,,,,
[Order],801JO00000HwMXnYAN,saleSuccess,,,,,,,,,,,,,,,,,,,,,,,,,,,,,,,,,,,
[Order],801JO00000HwMXoYAN,saleDeleted,,,,,,,,,,,,,,,,,,,,,,,,,,,,,,,,,,,
[Order],801JO00000HwMXpYAN,saleSuccess,,,,,,,,,,,,,,,,,,,,,,,,,,,,,,,,,,,
[Order],801JO00000HwMXqYAN,saleSuccess,,,,,,,,,,,,,,,,,,,,,,,,,,,,,,,,,,,
[Order],801JO00000HwMXrYAN,saleSuccess,,,,,,,,,,,,,,,,,,,,,,,,,,,,,,,,,,,
[Order],801JO00000HwMXsYAN,saleSuccess,,,,,,,,,,,,,,,,,,,,,,,,,,,,,,,,,,,
[Order],801JO00000HwMXtYAN,saleSuccess,,,,,,,,,,,,,,,,,,,,,,,,,,,,,,,,,,,
[Order],801JO00000HwMXuYAN,saleSuccess,,,,,,,,,,,,,,,,,,,,,,,,,,,,,,,,,,,
[Order],801JO00000HwMXvYAN,saleSuccess,,,,,,,,,,,,,,,,,,,,,,,,,,,,,,,,,,,
[Order],801JO00000HwMXwYAN,saleSuccess,,,,,,,,,,,,,,,,,,,,,,,,,,,,,,,,,,,
[Order],801JO00000HwMXxYAN,saleSuccess,,,,,,,,,,,,,,,,,,,,,,,,,,,,,,,,,,,
[Order],801JO00000HwMXyYAN,saleDeleted,,,,,,,,,,,,,,,,,,,,,,,,,,,,,,,,,,,
